ID,Address,Country,Date,Email,Job,Prefix,First Name,Last Name,SSN,Sex,Blood,Phone
Pt-0-001,"6358 Barnes Landing Apt. 732, East Sarahmouth, AR 57214",Haiti,3/13/1983,katherineadams@example.org,Hospital doctor,Mr.,Garrett,Aguirre,760-03-9470,Male,B+,0341-4032-525
Pt-0-002,"699 Wu Falls, Denisechester, MO 99008",Timor-Leste,12/16/1980,xyork@example.net,Learning disability nurse,Mr.,Kara,White,318-05-6938,Male,O+,067-2974-512
Pt-0-003,"PSC 2502, Box 5566, APO AA 27229",Iran,8/6/1988,ithomas@example.net,"Doctor, hospital",Miss,Perry,Foster,265-06-9852,Female,O+,0245-4732-968
Pt-0-004,"906 John Creek Suite 815, North Gregory, KS 18241",Gambia,1/16/1993,jdiaz@example.net,"Nurse, adult",Mx.,Anne,Good,334-80-8752,Female,O-,0746-7303-876
Pt-0-005,"02347 Clark River, Stevensonview, IL 26969",Turkmenistan,8/3/2020,harrisalyssa@example.net,Paediatric nurse,Mr.,Matthew,Rivera,546-28-0144,Female,A+,0785-1231-549
Pt-0-006,"653 Moore Crossing, Nicoleberg, PA 00532",Gambia,10/31/1997,itaylor@example.com,"Nurse, children's",Dr.,Angela,Roberts,568-44-1403,Male,A-,0293-4220-158
Pt-0-007,"21465 Jarvis Points, Christyville, WV 56183",Suriname,12/29/2014,brownanita@example.org,"Doctor, general practice",Mr.,Marvin,Thomas,528-59-5859,Female,AB-,0375-2879-680
Pt-0-008,"3854 Nicholas Ridge, East Stephenbury, MT 97684",Italy,6/17/2004,sgreen@example.net,"Nurse, children's",Miss,Jacob,Crawford,144-38-3261,Female,AB-,0497-2018-205
Pt-0-009,"2250 Thomas Overpass Apt. 420, South Barbara, NH 41038",Iran,3/7/2020,veronica19@example.com,Learning disability nurse,Mr.,Kathy,Reyes,627-84-8046,Female,AB+,0447-6153-462
Pt-0-010,"2273 David Land Suite 180, Veronicahaven, NM 99427",Switzerland,1/10/2011,rramsey@example.org,Paediatric nurse,Mr.,Michael,Smith,778-68-3165,Male,O-,0662-5958-571
Pt-0-011,"2548 William Views, Holtfurt, NY 17354",Niue,9/12/1972,johnsonsarah@example.org,Paediatric nurse,Mr.,Eric,Brown,068-15-0884,Female,B-,0238-2843-184
Pt-0-012,"8098 Megan Islands, East Kristina, HI 11652",Sierra Leone,2/16/1981,jtaylor@example.net,"Nurse, adult",Mr.,Andrea,Hudson,399-19-2742,Female,A+,0444-1140-822
Pt-0-013,"02126 Martinez Summit, Smithhaven, PA 50667",Gibraltar,11/3/1973,elizabethyoung@example.com,"Doctor, hospital",Mx.,William,Peterson,226-06-7459,Male,AB+,0969-7437-013
Pt-0-014,"USS Lawson, FPO AA 63812",Luxembourg,12/7/1980,craig54@example.com,"Nurse, children's",Mrs.,Charles,Cortez,614-10-6762,Female,B-,0670-7810-180
Pt-0-015,"430 Eugene Passage, Alyssatown, ID 74319",Paraguay,12/25/2002,veronica36@example.net,"Doctor, general practice",Mr.,Manuel,Harrison,838-32-9280,Female,B+,0513-4933-207
Pt-0-016,"9082 Adam Corners, Lake Meganmouth, RI 40331",Romania,11/4/2014,tammydavis@example.net,Hospital doctor,Dr.,Denise,Wolf,527-35-1548,Male,B-,0710-3589-566
Pt-0-017,"212 Roberts Parkway, Youngview, WA 11354",Saudi Arabia,2/10/1996,smithlisa@example.com,Adult nurse,Mr.,Melissa,Maldonado,787-80-5512,Male,O+,0414-1429-843
Pt-0-018,"09874 Christine Course, New Jeremy, OH 93248",Montserrat,3/7/1985,parkeric@example.net,"Doctor, hospital",Mx.,Reginald,Reeves,519-57-0604,Male,A-,0430-9949-112
Pt-0-019,"20273 Ware Row Suite 432, East Elizabethland, NM 88120",Uruguay,10/10/1983,xadkins@example.com,Hospital doctor,Dr.,Rebecca,Burns,225-11-0598,Male,AB+,03-2576-860
Pt-0-020,"864 Melanie Bridge Suite 269, Daniellestad, TN 07851",Swaziland,2/25/2012,gabrielfaulkner@example.org,"Nurse, adult",Dr.,Jeffrey,Hall,601-17-8305,Female,A+,0858-9885-209
Pt-0-021,"106 Pitts Coves Apt. 402, West Danieltown, ME 94096",Northern Mariana Islands,10/31/1996,brentwilliams@example.net,Paediatric nurse,Dr.,Justin,Adams,785-50-9850,Female,A+,0662-0065-970
Pt-0-022,"922 David Expressway, Montoyaville, VA 38879",Germany,7/16/1977,susan02@example.com,Mental health nurse,Dr.,Justin,Hunter,073-09-3256,Female,AB+,0141-1603-468
Pt-0-023,"193 Woodard Parkways Apt. 549, Josechester, MI 90463",Falkland Islands (Malvinas),10/6/1977,hernandezmichelle@example.com,General practice doctor,Dr.,Ryan,Sanchez,538-22-9234,Male,B-,039-7187-704
Pt-0-024,"885 Thomas Causeway Apt. 382, North Amanda, WI 20073",Iran,5/13/1994,jesus69@example.org,Paediatric nurse,Mx.,Jonathan,Hall,781-01-3503,Female,O+,0898-5531-623
Pt-0-025,"904 Margaret Highway Apt. 940, Stevenfort, KY 53724",Paraguay,6/23/2011,eperez@example.com,Learning disability nurse,Mr.,John,Hill,251-02-7820,Male,B+,0354-7889-263
Pt-0-026,"32202 Brian Vista, East Stephenfort, AZ 54015",Australia,4/8/2010,skinnerbrenda@example.com,Adult nurse,Mr.,Dominique,Durham,644-73-8854,Female,A-,0945-7311-400
Pt-0-027,"99054 Glenn Rest Suite 709, South Deborahshire, MN 01087",Gambia,3/9/2000,robertmayer@example.com,Psychiatric nurse,Mx.,Ethan,Johnson,493-03-1278,Female,A+,0685-0332-580
Pt-0-028,"733 Joshua Summit, South Jay, MN 15348",Afghanistan,4/19/1991,christopherrobbins@example.com,"Nurse, adult",Mr.,Zachary,Henderson,168-14-9958,Male,AB+,0462-4502-722
Pt-0-029,"4596 Tammy Stream, Brewerland, MO 44272",Tonga,3/13/1988,margaret02@example.net,Psychiatric nurse,Ms.,Virginia,Allen,546-95-2470,Male,O+,0297-2837-899
Pt-0-030,"Unit 7206 Box 3762, DPO AA 89721",Germany,6/11/1987,henryshawn@example.com,Learning disability nurse,Mr.,Katelyn,Morales,841-76-9910,Male,AB-,0118-0671-978
Pt-0-031,"582 Darlene Mountains, East Vickiland, FL 67589",South Georgia and the South Sandwich Islands,12/2/1997,tinacarter@example.com,General practice doctor,Mrs.,Bobby,Hughes,425-49-1232,Female,B+,0886-8535-863
Pt-0-032,"66526 Doyle Lodge Apt. 033, Davechester, ND 83665",Ireland,1/7/1997,bbrown@example.org,"Nurse, adult",Mx.,Perry,Smith,269-64-6664,Female,AB-,0291-5350-466
Pt-0-033,"69356 White Port Suite 773, New Charles, DE 13173",Mexico,12/21/1971,robert00@example.net,"Doctor, hospital",Dr.,Dylan,Johnson,598-96-2456,Male,A-,0895-6508-856
Pt-0-034,"329 Prince Summit Suite 829, East Jennifer, MN 70010",Guadeloupe,3/12/1975,andrew64@example.com,"Doctor, hospital",Mx.,Christopher,Carr,725-65-8854,Female,A+,0899-5561-682
Pt-0-035,"7431 Thompson Parkway Suite 404, Johnsonmouth, WA 50981",Chile,5/21/2020,sethrose@example.org,Hospital doctor,Mrs.,Eric,Porter,412-07-5870,Female,B+,0532-8229-844
Pt-0-036,"3072 Moyer Overpass, South Laura, OR 42356",Gambia,4/15/2015,vegaamy@example.net,"Nurse, learning disability",Mx.,Marvin,Mcguire,829-52-8436,Female,AB+,0421-3207-358
Pt-0-037,"7532 Leon Pass, Elliottfurt, SC 44972",France,4/20/1990,pbailey@example.net,"Nurse, learning disability",Mr.,Kristi,Wilson,376-27-1287,Male,A-,0870-8862-080
Pt-0-038,"331 Lozano Wall, Kristinstad, MI 65363",Madagascar,10/7/1972,mary93@example.org,"Nurse, children's",Mrs.,Lisa,Johnson,109-50-6827,Male,B+,0516-9815-171
Pt-0-039,"Unit 2219 Box 2877, DPO AE 85423",Cayman Islands,3/31/2006,michaelfoster@example.org,Hospital doctor,Dr.,Laura,Gray,088-59-0636,Female,B-,0413-9169-927
Pt-0-040,"963 Robert Plaza Suite 023, Port Donald, IN 95591",Papua New Guinea,11/26/2008,danielpatterson@example.org,"Doctor, general practice",Misc.,Emily,Barker,150-91-5657,Female,AB+,0673-3258-776
Pt-0-041,"161 Sean Brooks Apt. 551, Port Jonathan, NM 79434",Hong Kong,3/27/2018,philipmeyer@example.net,"Nurse, learning disability",Mrs.,Bethany,Mcgee,273-06-3219,Male,AB+,0275-3533-457
Pt-0-042,"53409 Lee Knolls, South Sharonchester, MD 07873",Canada,8/10/1978,marco60@example.com,Hospital doctor,Dr.,Jason,Pham,500-55-1349,Male,B-,0357-7876-579
Pt-0-043,"USNV White, FPO AA 07511",Czech Republic,2/25/2005,richarddaniel@example.com,Psychiatric nurse,Dr.,John,Singleton,582-22-4015,Female,AB-,0303-8424-794
Pt-0-044,"891 Smith Alley, Port Catherineburgh, MT 40896",French Guiana,12/10/1987,douglastodd@example.com,General practice doctor,Mrs.,Thomas,Shaw,556-12-2644,Male,AB+,0747-5132-262
Pt-0-045,"4693 Hess Spur, Port Samuel, ID 26427",Zimbabwe,3/24/1996,elizabeth46@example.com,General practice doctor,Dr.,Cassidy,Fields,107-76-0272,Female,A+,0833-9951-972
Pt-0-046,"34172 Natasha Falls, Lake Kurt, WI 66149",Syrian Arab Republic,5/25/1972,mrhodes@example.org,"Doctor, hospital",Mr.,Randy,Carr,114-37-7126,Female,AB-,0641-3703-683
Pt-0-047,"947 Angel Skyway Suite 628, New Christophertown, IN 97928",Haiti,8/13/1989,phillipfranco@example.org,Learning disability nurse,Miss,Kirsten,Le,870-22-4328,Female,O+,0852-4506-248
Pt-0-048,"684 Washington Extensions, Debraborough, TX 67725",Greece,12/23/2012,rogersmark@example.org,Hospital doctor,Mx.,Kelsey,Sharp,115-70-1254,Female,AB+,0316-9418-170
Pt-0-049,"6968 Peterson Green, Lake Alexisside, GA 74069",Saint Kitts and Nevis,9/2/2020,mariaflowers@example.org,Mental health nurse,Mrs.,Greg,Jones,567-49-4854,Female,O-,0603-6478-201
Pt-0-050,"1336 Brittany Parks Suite 198, North Danielmouth, IL 98167",Malta,11/16/2008,jennifer67@example.net,Learning disability nurse,Dr.,Mary,Brown,014-14-6840,Male,AB-,0985-7458-546
Pt-0-051,"USS Sullivan, FPO AE 41701",Chile,11/5/1993,richard61@example.org,"Doctor, general practice",Mr.,Raymond,Stephens,580-02-6337,Male,B+,0285-2205-366
Pt-0-052,"6647 Donald Plains Suite 181, South Charlesport, MA 16567",Saint Lucia,5/2/2012,youngaaron@example.net,Learning disability nurse,Mr.,Sara,Kidd,467-44-5626,Male,A+,0830-0660-938
Pt-0-053,"287 Carter Crossing, East Karenshire, IL 61164",Azerbaijan,6/20/2002,pruittangela@example.org,Mental health nurse,Ms.,Kim,Martin,622-52-5942,Female,B-,0263-1037-967
Pt-0-054,"2730 Hayes Fords Suite 595, North Rachelmouth, NE 13402",Tajikistan,9/25/1991,tpaul@example.com,"Nurse, adult",Mx.,Kendra,Hernandez,281-57-1836,Male,AB-,0115-1174-092
Pt-0-055,"7267 Daniels Mews, Robertville, NV 28195",Dominican Republic,4/27/1979,phyllislopez@example.net,"Nurse, adult",Mrs.,Ryan,Smith,669-35-3787,Female,AB+,0861-0333-261
Pt-0-056,"6233 Owens Courts Suite 319, Lake Johnborough, NY 91909",Korea,7/14/1996,irichardson@example.net,General practice doctor,Dr.,Michael,Harris,210-18-4199,Male,A-,0904-3896-705
Pt-0-057,"2033 Tyler Mews, Lake Amandaville, KS 18857",American Samoa,3/26/2009,sotolauren@example.net,"Nurse, learning disability",Dr.,Jeremy,Stevens,537-14-5828,Female,O+,0113-7027-929
Pt-0-058,"256 Smith Unions Suite 069, New Michael, OK 26068",United Kingdom,12/26/2006,nicholaschang@example.com,Mental health nurse,Mx.,Sarah,Jefferson,035-44-6272,Male,B+,0594-7983-546
Pt-0-059,"1104 Roberto Common, Port Nathanside, MT 57947",Hungary,10/30/1973,bmathis@example.com,"Nurse, adult",Miss,Sarah,Braun,871-50-4310,Female,A-,0798-5746-912
Pt-0-060,"933 Thomas Rapids Suite 933, South Timothy, WV 94383",Lao People's Democratic Republic,5/24/2004,christopheradams@example.org,General practice doctor,Dr.,Robert,Butler,363-20-8248,Female,A-,0655-1170-083
Pt-0-061,"80893 Jacob Motorway Apt. 339, Port Cheyennetown, WY 30054",Korea,2/21/1994,zachary84@example.com,"Nurse, mental health",Mr.,Vanessa,Chase,601-32-9983,Male,A-,0419-3280-602
Pt-0-062,"416 Jacob Ramp, Smithview, TN 16291",Denmark,5/28/2004,jstevens@example.com,Hospital doctor,Mr.,Christopher,Brown,629-63-5612,Female,B-,0475-9227-107
Pt-0-063,"849 Courtney Crest, Michaelland, VA 65081",Cape Verde,4/13/2016,pboyd@example.com,"Doctor, general practice",Ms.,Shawn,Davies,648-98-6229,Male,AB+,0355-4018-267
Pt-0-064,"6491 Bryan Well Apt. 599, Port Michelleburgh, UT 86327",Yemen,8/27/2014,vsparks@example.com,General practice doctor,Dr.,Michelle,Carroll,116-88-4932,Male,AB-,0866-7505-101
Pt-0-065,"4639 Young Curve Apt. 912, Port Ronald, LA 71735",Guatemala,5/29/2002,luis54@example.com,Hospital doctor,Dr.,Sandra,Lambert,459-30-2189,Male,AB+,0400-1129-309
Pt-0-066,"3577 Tucker Plains, Baldwinside, GA 61092",Czech Republic,3/5/2014,nancywalters@example.com,General practice doctor,Mrs.,Elizabeth,Welch,237-96-6161,Male,O-,0210-3191-721
Pt-0-067,"Unit 6225 Box 9699, DPO AE 93071",Madagascar,10/26/2019,martinmaria@example.org,Learning disability nurse,Mr.,Tanya,Hill,174-31-2831,Female,O+,090-3873-976
Pt-0-068,"906 Turner Ferry, Johnsonstad, MT 79247",Norfolk Island,8/19/2015,sandra71@example.org,"Doctor, hospital",Mr.,Mario,Haynes,833-50-5032,Male,A-,0126-4070-967
Pt-0-069,"7258 Johnson Ridges Suite 656, West Victoria, VT 23136",Nigeria,3/6/1993,thomaskevin@example.com,"Doctor, hospital",Misc.,James,Martin,641-63-2341,Female,A+,0529-1360-295
Pt-0-070,"011 Drew Radial, West Wayneville, MI 73979",Cuba,11/17/2008,dmcguire@example.net,Learning disability nurse,Mrs.,Elizabeth,Long,106-06-1428,Female,B-,0484-8015-589
Pt-0-071,"115 Rios Lights Suite 387, Swansonmouth, MI 38981",Tajikistan,10/4/2015,canthony@example.com,Hospital doctor,Dr.,Gail,Duke,593-29-9141,Male,A-,0896-4650-341
Pt-0-072,"59880 Brianna Cliffs Apt. 586, Thomaschester, TN 96543",Sudan,1/3/1980,loriwilson@example.net,"Doctor, hospital",Mrs.,Patricia,Wells,144-39-2047,Female,AB+,0709-0954-998
Pt-0-073,"457 Thomas Knolls, North Michael, AZ 28905",Congo,7/10/2008,amy57@example.com,Paediatric nurse,Dr.,Kathleen,Orozco,620-39-1660,Female,AB-,0853-6297-214
Pt-0-074,"5516 Daniel Wall Suite 948, Brownton, NC 99298",Angola,11/12/2020,bfernandez@example.net,General practice doctor,Miss,Christopher,Jackson,834-93-0848,Male,A-,0681-8002-453
Pt-0-075,"176 Bullock Vista Suite 524, Port Kristina, SD 91079",Timor-Leste,5/15/1985,gutierrezsteven@example.org,General practice doctor,Mx.,Joyce,Woods,845-55-8272,Female,A-,0441-5563-120
Pt-0-076,"77244 Harris Vista, Lake Emily, OH 13982",Canada,6/22/1985,jerry65@example.com,Adult nurse,Dr.,Ashley,Williams,294-30-9535,Female,O-,0188-1996-530
Pt-0-077,"Unit 4632 Box 7280, DPO AE 94444",Poland,1/3/1997,mooretonya@example.com,Hospital doctor,Dr.,Cindy,Martinez,732-60-2073,Female,B+,0661-6997-290
Pt-0-078,"545 Gibson Street, East Anthony, NM 05993",Sri Lanka,11/1/2012,bmassey@example.net,"Nurse, learning disability",Mr.,Daniel,Chase,288-67-2836,Female,O-,0572-3282-568
Pt-0-079,"46775 Patricia Island, Morrisshire, AK 62558",Cyprus,3/4/1973,jeanne38@example.net,Learning disability nurse,Mr.,Ethan,Woodard,143-75-9269,Female,AB-,0899-8035-231
Pt-0-080,"16841 Thomas Trafficway Apt. 252, East Gina, WA 77870",Kiribati,2/29/1992,barbara33@example.com,Hospital doctor,Dr.,James,Smith,589-55-5000,Male,AB+,0353-5990-524
Pt-0-081,"9130 Pamela Burgs Apt. 427, Jonesfurt, IA 24134",Sweden,9/18/1984,ramirezjoshua@example.com,Mental health nurse,Mr.,Melanie,Rush,206-60-2927,Female,O-,0925-1485-532
Pt-0-082,"47946 Johnson Wells Apt. 582, South Charles, CA 52344",Ukraine,1/8/1996,awhitaker@example.net,Mental health nurse,Mr.,Jessica,Smith,386-28-7345,Female,O-,0339-0964-340
Pt-0-083,"23972 Michael Corners, Smithborough, AK 73654",United States Virgin Islands,4/19/1977,julie72@example.com,Hospital doctor,Misc.,Adrian,Hayden,587-36-5734,Male,O+,0288-5124-014
Pt-0-084,"767 Johnson Forge Suite 120, North Calvinfort, WI 21327",Dominican Republic,11/26/1975,donnapeterson@example.net,"Nurse, adult",Ms.,Christopher,Williams,170-84-1024,Male,A-,0805-5447-386
Pt-0-085,"1310 Ronald Islands, New April, DE 60296",Guyana,8/13/1971,peterpaul@example.net,"Doctor, general practice",Mx.,Erica,Leonard,741-19-1024,Male,AB-,0655-2625-942
Pt-0-086,"80915 Morgan Inlet, East Christopher, WV 50834",Bermuda,6/3/1983,pscott@example.net,"Nurse, learning disability",Mrs.,Pamela,Steele,238-87-4915,Male,A-,061-2988-304
Pt-0-087,"52361 Turner Throughway, Weissville, AZ 89220",Panama,8/11/1980,kevinflores@example.org,Adult nurse,Dr.,Lauren,Page,750-96-8513,Female,A+,0472-8249-816
Pt-0-088,"1890 Stewart Crossroad Apt. 617, Lake Mary, NV 83485",Congo,11/7/2021,robin34@example.net,"Nurse, children's",Mrs.,Patricia,Foster,143-26-7884,Male,B+,0133-9129-396
Pt-0-089,"4540 Johnson Freeway, Lake Kristin, MN 58632",Liberia,2/19/1996,xspears@example.com,Learning disability nurse,Miss,Todd,Wilson,558-32-2808,Male,AB+,0911-2082-942
Pt-0-090,"70347 Angela Lake Apt. 293, Cynthiatown, NJ 61487",Senegal,9/22/1992,kvaughn@example.net,Paediatric nurse,Mx.,Andrea,Graham,042-12-5898,Male,O-,0279-9938-827
Pt-0-091,"183 Decker Mills, Sarahville, WI 86865",American Samoa,7/29/1972,ireyes@example.com,"Doctor, hospital",Mr.,Shane,Wright,818-35-3257,Female,O+,0488-8702-724
Pt-0-092,"6468 Maria Meadow, South Darrell, NE 98778",United States Minor Outlying Islands,6/14/1973,dennis63@example.com,Paediatric nurse,Mx.,Karen,Gay,658-45-0180,Male,A+,0180-6445-231
Pt-0-093,"USNV Baird, FPO AA 84917",United States Minor Outlying Islands,4/27/2021,johnsonshannon@example.net,"Nurse, children's",Mx.,Katie,Larson,684-81-8006,Female,O+,0797-3217-013
Pt-0-094,"527 Amy Flats Suite 766, Johnstonton, SC 86969",Senegal,12/27/1979,xlawrence@example.net,"Doctor, hospital",Dr.,Erika,Simpson,571-43-1384,Male,AB-,0358-9646-397
Pt-0-095,"14128 Amy Island Suite 511, Port Jeremyview, SD 63472",Netherlands Antilles,9/21/2012,aprildavis@example.org,Mental health nurse,Ms.,Timothy,Hodge,102-39-1350,Male,B+,0106-3713-243
Pt-0-096,"122 Paul Brook Suite 938, East Marcus, AL 46514",Taiwan,3/29/1989,brandi41@example.org,Hospital doctor,Dr.,Jay,Hayes,013-55-2596,Male,AB+,0529-4736-626
Pt-0-097,"13305 Charles Lock Apt. 122, East Krystalbury, AL 73648",Moldova,2/25/1998,schneiderchristopher@example.net,Paediatric nurse,Ind.,Anthony,Allen,223-78-8087,Female,AB+,096-2344-063
Pt-0-098,"0283 Lee Prairie, Matthewfort, IL 81629",Monaco,3/22/2003,bwest@example.com,Paediatric nurse,Mx.,Matthew,Wood,806-67-2186,Male,B-,0819-6457-174
Pt-0-099,"452 Heather Forest Apt. 459, Nathanielbury, NH 81735",Italy,3/1/2006,cpage@example.org,Adult nurse,Miss,Misty,Lowe,645-28-9789,Male,O-,0180-2957-635
